[{"city":"臺北市","town":"中正區","zipcode":"100"},{"city":"臺北市","town":"大同區","zipcode":"103"},{"city":"臺北市","town":"中山區","zipcode":"104"},{"city":"臺北市","town":"松山區","zipcode":"105"},{"city":"臺北市","town":"大安區","zipcode":"106"},{"city":"臺北市","town":"萬華區","zipcode":"108"},{"city":"臺北市","town":"信義區","zipcode":"110"},{"city":"臺北市","town":"士林區","zipcode":"111"},{"city":"臺北市","town":"北投區","zipcode":"112"},{"city":"臺北市","town":"內湖區","zipcode":"114"},{"city":"臺北市","town":"南港區","zipcode":"115"},{"city":"臺北市","town":"文山區","zipcode":"116"},{"city":"基隆市","town":"仁愛區","zipcode":"200"},{"city":"基隆市","town":"信義區","zipcode":"201"},{"city":"基隆市","town":"中正區","zipcode":"202"},{"city":"基隆市","town":"中山區","zipcode":"203"},{"city":"基隆市","town":"安樂區","zipcode":"204"},{"city":"基隆市","town":"暖暖區","zipcode":"205"},{"city":"基隆市","town":"七堵區","zipcode":"206"},{"city":"新北市","town":"萬里區","zipcode":"207"},{"city":"新北市","town":"金山區","zipcode":"208"},{"city":"新北市","town":"板橋區","zipcode":"220"},{"city":"新北市","town":"汐止區","zipcode":"221"},{"city":"新北市","town":"深坑區","zipcode":"222"},{"city":"新北市","town":"石碇區","zipcode":"223"},{"city":"新北市","town":"瑞芳區","zipcode":"224"},{"city":"新北市","town":"平溪區","zipcode":"226"},{"city":"新北市","town":"雙溪區","zipcode":"227"},{"city":"新北市","town":"貢寮區","zipcode":"228"},{"city":"新北市","town":"新店區","zipcode":"231"},{"city":"新北市","town":"坪林區","zipcode":"232"},{"city":"新北市","town":"烏來區","zipcode":"233"},{"city":"新北市","town":"永和區","zipcode":"234"},{"city":"新北市","town":"中和區","zipcode":"235"},{"city":"新北市","town":"土城區","zipcode":"236"},{"city":"新北市","town":"三峽區","zipcode":"237"},{"city":"新北市","town":"樹林區","zipcode":"238"},{"city":"新北市","town":"鶯歌區","zipcode":"239"},{"city":"新北市","town":"三重區","zipcode":"241"},{"city":"新北市","town":"新莊區","zipcode":"242"},{"city":"新北市","town":"泰山區","zipcode":"243"},{"city":"新北市","town":"林口區","zipcode":"244"},{"city":"新北市","town":"蘆洲區","zipcode":"247"},{"city":"新北市","town":"五股區","zipcode":"248"},{"city":"新北市","town":"八里區","zipcode":"249"},{"city":"新北市","town":"淡水區","zipcode":"251"},{"city":"新北市","town":"三芝區","zipcode":"252"},{"city":"新北市","town":"石門區","zipcode":"253"},{"city":"宜蘭縣","town":"宜蘭市","zipcode":"260"},{"city":"宜蘭縣","town":"壯圍鄉","zipcode":"263"},{"city":"宜蘭縣","town":"頭城鎮","zipcode":"261"},{"city":"宜蘭縣","town":"礁溪鄉","zipcode":"262"},{"city":"宜蘭縣","town":"員山鄉","zipcode":"264"},{"city":"宜蘭縣","town":"羅東鎮","zipcode":"265"},{"city":"宜蘭縣","town":"三星鄉","zipcode":"266"},{"city":"宜蘭縣","town":"大同鄉","zipcode":"267"},{"city":"宜蘭縣","town":"五結鄉","zipcode":"268"},{"city":"宜蘭縣","town":"冬山鄉","zipcode":"269"},{"city":"宜蘭縣","town":"蘇澳鎮","zipcode":"270"},{"city":"宜蘭縣","town":"南澳鄉","zipcode":"272"},{"city":"宜蘭縣","town":"釣魚臺","zipcode":"290"},{"city":"連江縣","town":"南竿鄉","zipcode":"209"},{"city":"連江縣","town":"北竿鄉","zipcode":"210"},{"city":"連江縣","town":"莒光鄉","zipcode":"211"},{"city":"連江縣","town":"東引鄉","zipcode":"212"},{"city":"新竹市","town":"東區","zipcode":"300"},{"city":"新竹市","town":"北區","zipcode":"300"},{"city":"新竹市","town":"香山區","zipcode":"300"},{"city":"新竹縣","town":"寶山鄉","zipcode":"308"},{"city":"新竹縣","town":"竹北市","zipcode":"302"},{"city":"新竹縣","town":"湖口鄉","zipcode":"303"},{"city":"新竹縣","town":"新豐鄉","zipcode":"304"},{"city":"新竹縣","town":"新埔鎮","zipcode":"305"},{"city":"新竹縣","town":"關西鎮","zipcode":"306"},{"city":"新竹縣","town":"芎林鄉","zipcode":"307"},{"city":"新竹縣","town":"竹東鎮","zipcode":"310"},{"city":"新竹縣","town":"五峰鄉","zipcode":"311"},{"city":"新竹縣","town":"橫山鄉","zipcode":"312"},{"city":"新竹縣","town":"尖石鄉","zipcode":"313"},{"city":"新竹縣","town":"北埔鄉","zipcode":"314"},{"city":"新竹縣","town":"峨眉鄉","zipcode":"315"},{"city":"桃園市","town":"中壢區","zipcode":"320"},{"city":"桃園市","town":"平鎮區","zipcode":"324"},{"city":"桃園市","town":"龍潭區","zipcode":"325"},{"city":"桃園市","town":"楊梅區","zipcode":"326"},{"city":"桃園市","town":"新屋區","zipcode":"327"},{"city":"桃園市","town":"觀音區","zipcode":"328"},{"city":"桃園市","town":"桃園區","zipcode":"330"},{"city":"桃園市","town":"龜山區","zipcode":"333"},{"city":"桃園市","town":"八德區","zipcode":"334"},{"city":"桃園市","town":"大溪區","zipcode":"335"},{"city":"桃園市","town":"復興區","zipcode":"336"},{"city":"桃園市","town":"大園區","zipcode":"337"},{"city":"桃園市","town":"蘆竹區","zipcode":"338"},{"city":"苗栗縣","town":"竹南鎮","zipcode":"350"},{"city":"苗栗縣","town":"頭份市","zipcode":"351"},{"city":"苗栗縣","town":"三灣鄉","zipcode":"352"},{"city":"苗栗縣","town":"南庄鄉","zipcode":"353"},{"city":"苗栗縣","town":"獅潭鄉","zipcode":"354"},{"city":"苗栗縣","town":"後龍鎮","zipcode":"356"},{"city":"苗栗縣","town":"通霄鎮","zipcode":"357"},{"city":"苗栗縣","town":"苑裡鎮","zipcode":"358"},{"city":"苗栗縣","town":"苗栗市","zipcode":"360"},{"city":"苗栗縣","town":"造橋鄉","zipcode":"361"},{"city":"苗栗縣","town":"頭屋鄉","zipcode":"362"},{"city":"苗栗縣","town":"公館鄉","zipcode":"363"},{"city":"苗栗縣","town":"大湖鄉","zipcode":"364"},{"city":"苗栗縣","town":"泰安鄉","zipcode":"365"},{"city":"苗栗縣","town":"銅鑼鄉","zipcode":"366"},{"city":"苗栗縣","town":"三義鄉","zipcode":"367"},{"city":"苗栗縣","town":"西湖鄉","zipcode":"368"},{"city":"苗栗縣","town":"卓蘭鎮","zipcode":"369"},{"city":"臺中市","town":"中區","zipcode":"400"},{"city":"臺中市","town":"東區","zipcode":"401"},{"city":"臺中市","town":"南區","zipcode":"402"},{"city":"臺中市","town":"西區","zipcode":"403"},{"city":"臺中市","town":"北區","zipcode":"404"},{"city":"臺中市","town":"北屯區","zipcode":"406"},{"city":"臺中市","town":"西屯區","zipcode":"407"},{"city":"臺中市","town":"南屯區","zipcode":"408"},{"city":"臺中市","town":"太平區","zipcode":"411"},{"city":"臺中市","town":"大里區","zipcode":"412"},{"city":"臺中市","town":"霧峰區","zipcode":"413"},{"city":"臺中市","town":"烏日區","zipcode":"414"},{"city":"臺中市","town":"豐原區","zipcode":"420"},{"city":"臺中市","town":"后里區","zipcode":"421"},{"city":"臺中市","town":"石岡區","zipcode":"422"},{"city":"臺中市","town":"東勢區","zipcode":"423"},{"city":"臺中市","town":"和平區","zipcode":"424"},{"city":"臺中市","town":"新社區","zipcode":"426"},{"city":"臺中市","town":"潭子區","zipcode":"427"},{"city":"臺中市","town":"大雅區","zipcode":"428"},{"city":"臺中市","town":"神岡區","zipcode":"429"},{"city":"臺中市","town":"大肚區","zipcode":"432"},{"city":"臺中市","town":"沙鹿區","zipcode":"433"},{"city":"臺中市","town":"龍井區","zipcode":"434"},{"city":"臺中市","town":"梧棲區","zipcode":"435"},{"city":"臺中市","town":"清水區","zipcode":"436"},{"city":"臺中市","town":"大甲區","zipcode":"437"},{"city":"臺中市","town":"外埔區","zipcode":"438"},{"city":"臺中市","town":"大安區","zipcode":"439"},{"city":"彰化縣","town":"彰化市","zipcode":"500"},{"city":"彰化縣","town":"芬園鄉","zipcode":"502"},{"city":"彰化縣","town":"花壇鄉","zipcode":"503"},{"city":"彰化縣","town":"秀水鄉","zipcode":"504"},{"city":"彰化縣","town":"鹿港鎮","zipcode":"505"},{"city":"彰化縣","town":"福興鄉","zipcode":"506"},{"city":"彰化縣","town":"線西鄉","zipcode":"507"},{"city":"彰化縣","town":"和美鎮","zipcode":"508"},{"city":"彰化縣","town":"伸港鄉","zipcode":"509"},{"city":"彰化縣","town":"員林市","zipcode":"510"},{"city":"彰化縣","town":"社頭鄉","zipcode":"511"},{"city":"彰化縣","town":"永靖鄉","zipcode":"512"},{"city":"彰化縣","town":"埔心鄉","zipcode":"513"},{"city":"彰化縣","town":"溪湖鎮","zipcode":"514"},{"city":"彰化縣","town":"大村鄉","zipcode":"515"},{"city":"彰化縣","town":"埔鹽鄉","zipcode":"516"},{"city":"彰化縣","town":"田中鎮","zipcode":"520"},{"city":"彰化縣","town":"北斗鎮","zipcode":"521"},{"city":"彰化縣","town":"田尾鄉","zipcode":"522"},{"city":"彰化縣","town":"埤頭鄉","zipcode":"523"},{"city":"彰化縣","town":"溪州鄉","zipcode":"524"},{"city":"彰化縣","town":"竹塘鄉","zipcode":"525"},{"city":"彰化縣","town":"二林鎮","zipcode":"526"},{"city":"彰化縣","town":"大城鄉","zipcode":"527"},{"city":"彰化縣","town":"芳苑鄉","zipcode":"528"},{"city":"彰化縣","town":"二水鄉","zipcode":"530"},{"city":"南投縣","town":"南投市","zipcode":"540"},{"city":"南投縣","town":"中寮鄉","zipcode":"541"},{"city":"南投縣","town":"草屯鎮","zipcode":"542"},{"city":"南投縣","town":"國姓鄉","zipcode":"544"},{"city":"南投縣","town":"埔里鎮","zipcode":"545"},{"city":"南投縣","town":"仁愛鄉","zipcode":"546"},{"city":"南投縣","town":"名間鄉","zipcode":"551"},{"city":"南投縣","town":"集集鎮","zipcode":"552"},{"city":"南投縣","town":"水里鄉","zipcode":"553"},{"city":"南投縣","town":"魚池鄉","zipcode":"555"},{"city":"南投縣","town":"信義鄉","zipcode":"556"},{"city":"南投縣","town":"竹山鎮","zipcode":"557"},{"city":"南投縣","town":"鹿谷鄉","zipcode":"558"},{"city":"嘉義市","town":"西區","zipcode":"600"},{"city":"嘉義市","town":"東區","zipcode":"600"},{"city":"嘉義縣","town":"番路鄉","zipcode":"602"},{"city":"嘉義縣","town":"梅山鄉","zipcode":"603"},{"city":"嘉義縣","town":"竹崎鄉","zipcode":"604"},{"city":"嘉義縣","town":"阿里山鄉","zipcode":"605"},{"city":"嘉義縣","town":"中埔鄉","zipcode":"606"},{"city":"嘉義縣","town":"大埔鄉","zipcode":"607"},{"city":"嘉義縣","town":"水上鄉","zipcode":"608"},{"city":"嘉義縣","town":"鹿草鄉","zipcode":"611"},{"city":"嘉義縣","town":"太保市","zipcode":"612"},{"city":"嘉義縣","town":"朴子市","zipcode":"613"},{"city":"嘉義縣","town":"東石鄉","zipcode":"614"},{"city":"嘉義縣","town":"六腳鄉","zipcode":"615"},{"city":"嘉義縣","town":"新港鄉","zipcode":"616"},{"city":"嘉義縣","town":"民雄鄉","zipcode":"621"},{"city":"嘉義縣","town":"大林鎮","zipcode":"622"},{"city":"嘉義縣","town":"溪口鄉","zipcode":"623"},{"city":"嘉義縣","town":"義竹鄉","zipcode":"624"},{"city":"嘉義縣","town":"布袋鎮","zipcode":"625"},{"city":"雲林縣","town":"斗南鎮","zipcode":"630"},{"city":"雲林縣","town":"大埤鄉","zipcode":"631"},{"city":"雲林縣","town":"虎尾鎮","zipcode":"632"},{"city":"雲林縣","town":"土庫鎮","zipcode":"633"},{"city":"雲林縣","town":"褒忠鄉","zipcode":"634"},{"city":"雲林縣","town":"東勢鄉","zipcode":"635"},{"city":"雲林縣","town":"臺西鄉","zipcode":"636"},{"city":"雲林縣","town":"崙背鄉","zipcode":"637"},{"city":"雲林縣","town":"麥寮鄉","zipcode":"638"},{"city":"雲林縣","town":"斗六市","zipcode":"640"},{"city":"雲林縣","town":"林內鄉","zipcode":"643"},{"city":"雲林縣","town":"古坑鄉","zipcode":"646"},{"city":"雲林縣","town":"莿桐鄉","zipcode":"647"},{"city":"雲林縣","town":"西螺鎮","zipcode":"648"},{"city":"雲林縣","town":"二崙鄉","zipcode":"649"},{"city":"雲林縣","town":"北港鎮","zipcode":"651"},{"city":"雲林縣","town":"水林鄉","zipcode":"652"},{"city":"雲林縣","town":"口湖鄉","zipcode":"653"},{"city":"雲林縣","town":"四湖鄉","zipcode":"654"},{"city":"雲林縣","town":"元長鄉","zipcode":"655"},{"city":"臺南市","town":"中西區","zipcode":"700"},{"city":"臺南市","town":"東區","zipcode":"701"},{"city":"臺南市","town":"南區","zipcode":"702"},{"city":"臺南市","town":"北區","zipcode":"704"},{"city":"臺南市","town":"安平區","zipcode":"708"},{"city":"臺南市","town":"安南區","zipcode":"709"},{"city":"臺南市","town":"永康區","zipcode":"710"},{"city":"臺南市","town":"歸仁區","zipcode":"711"},{"city":"臺南市","town":"新化區","zipcode":"712"},{"city":"臺南市","town":"左鎮區","zipcode":"713"},{"city":"臺南市","town":"玉井區","zipcode":"714"},{"city":"臺南市","town":"楠西區","zipcode":"715"},{"city":"臺南市","town":"南化區","zipcode":"716"},{"city":"臺南市","town":"仁德區","zipcode":"717"},{"city":"臺南市","town":"關廟區","zipcode":"718"},{"city":"臺南市","town":"龍崎區","zipcode":"719"},{"city":"臺南市","town":"官田區","zipcode":"720"},{"city":"臺南市","town":"麻豆區","zipcode":"721"},{"city":"臺南市","town":"佳里區","zipcode":"722"},{"city":"臺南市","town":"西港區","zipcode":"723"},{"city":"臺南市","town":"七股區","zipcode":"724"},{"city":"臺南市","town":"將軍區","zipcode":"725"},{"city":"臺南市","town":"學甲區","zipcode":"726"},{"city":"臺南市","town":"北門區","zipcode":"727"},{"city":"臺南市","town":"新營區","zipcode":"730"},{"city":"臺南市","town":"後壁區","zipcode":"731"},{"city":"臺南市","town":"白河區","zipcode":"732"},{"city":"臺南市","town":"東山區","zipcode":"733"},{"city":"臺南市","town":"六甲區","zipcode":"734"},{"city":"臺南市","town":"下營區","zipcode":"735"},{"city":"臺南市","town":"柳營區","zipcode":"736"},{"city":"臺南市","town":"鹽水區","zipcode":"737"},{"city":"臺南市","town":"善化區","zipcode":"741"},{"city":"臺南市","town":"新市區","zipcode":"744"},{"city":"臺南市","town":"大內區","zipcode":"742"},{"city":"臺南市","town":"山上區","zipcode":"743"},{"city":"臺南市","town":"安定區","zipcode":"745"},{"city":"高雄市","town":"新興區","zipcode":"800"},{"city":"高雄市","town":"前金區","zipcode":"801"},{"city":"高雄市","town":"苓雅區","zipcode":"802"},{"city":"高雄市","town":"鹽埕區","zipcode":"803"},{"city":"高雄市","town":"鼓山區","zipcode":"804"},{"city":"高雄市","town":"旗津區","zipcode":"805"},{"city":"高雄市","town":"前鎮區","zipcode":"806"},{"city":"高雄市","town":"三民區","zipcode":"807"},{"city":"高雄市","town":"楠梓區","zipcode":"811"},{"city":"高雄市","town":"小港區","zipcode":"812"},{"city":"高雄市","town":"左營區","zipcode":"813"},{"city":"高雄市","town":"仁武區","zipcode":"814"},{"city":"高雄市","town":"大社區","zipcode":"815"},{"city":"高雄市","town":"東沙群島","zipcode":"817"},{"city":"高雄市","town":"南沙群島","zipcode":"819"},{"city":"高雄市","town":"岡山區","zipcode":"820"},{"city":"高雄市","town":"路竹區","zipcode":"821"},{"city":"高雄市","town":"阿蓮區","zipcode":"822"},{"city":"高雄市","town":"田寮區","zipcode":"823"},{"city":"高雄市","town":"燕巢區","zipcode":"824"},{"city":"高雄市","town":"橋頭區","zipcode":"825"},{"city":"高雄市","town":"梓官區","zipcode":"826"},{"city":"高雄市","town":"彌陀區","zipcode":"827"},{"city":"高雄市","town":"永安區","zipcode":"828"},{"city":"高雄市","town":"湖內區","zipcode":"829"},{"city":"高雄市","town":"鳳山區","zipcode":"830"},{"city":"高雄市","town":"大寮區","zipcode":"831"},{"city":"高雄市","town":"林園區","zipcode":"832"},{"city":"高雄市","town":"鳥松區","zipcode":"833"},{"city":"高雄市","town":"大樹區","zipcode":"840"},{"city":"高雄市","town":"旗山區","zipcode":"842"},{"city":"高雄市","town":"美濃區","zipcode":"843"},{"city":"高雄市","town":"六龜區","zipcode":"844"},{"city":"高雄市","town":"內門區","zipcode":"845"},{"city":"高雄市","town":"杉林區","zipcode":"846"},{"city":"高雄市","town":"甲仙區","zipcode":"847"},{"city":"高雄市","town":"桃源區","zipcode":"848"},{"city":"高雄市","town":"那瑪夏區","zipcode":"849"},{"city":"高雄市","town":"茂林區","zipcode":"851"},{"city":"高雄市","town":"茄萣區","zipcode":"852"},{"city":"屏東縣","town":"屏東市","zipcode":"900"},{"city":"屏東縣","town":"三地門鄉","zipcode":"901"},{"city":"屏東縣","town":"霧臺鄉","zipcode":"902"},{"city":"屏東縣","town":"瑪家鄉","zipcode":"903"},{"city":"屏東縣","town":"九如鄉","zipcode":"904"},{"city":"屏東縣","town":"里港鄉","zipcode":"905"},{"city":"屏東縣","town":"高樹鄉","zipcode":"906"},{"city":"屏東縣","town":"鹽埔鄉","zipcode":"907"},{"city":"屏東縣","town":"長治鄉","zipcode":"908"},{"city":"屏東縣","town":"麟洛鄉","zipcode":"909"},{"city":"屏東縣","town":"竹田鄉","zipcode":"911"},{"city":"屏東縣","town":"內埔鄉","zipcode":"912"},{"city":"屏東縣","town":"萬丹鄉","zipcode":"913"},{"city":"屏東縣","town":"潮州鎮","zipcode":"920"},{"city":"屏東縣","town":"泰武鄉","zipcode":"921"},{"city":"屏東縣","town":"來義鄉","zipcode":"922"},{"city":"屏東縣","town":"萬巒鄉","zipcode":"923"},{"city":"屏東縣","town":"崁頂鄉","zipcode":"924"},{"city":"屏東縣","town":"新埤鄉","zipcode":"925"},{"city":"屏東縣","town":"南州鄉","zipcode":"926"},{"city":"屏東縣","town":"林邊鄉","zipcode":"927"},{"city":"屏東縣","town":"東港鎮","zipcode":"928"},{"city":"屏東縣","town":"琉球鄉","zipcode":"929"},{"city":"屏東縣","town":"佳冬鄉","zipcode":"931"},{"city":"屏東縣","town":"新園鄉","zipcode":"932"},{"city":"屏東縣","town":"枋寮鄉","zipcode":"940"},{"city":"屏東縣","town":"枋山鄉","zipcode":"941"},{"city":"屏東縣","town":"春日鄉","zipcode":"942"},{"city":"屏東縣","town":"獅子鄉","zipcode":"943"},{"city":"屏東縣","town":"車城鄉","zipcode":"944"},{"city":"屏東縣","town":"牡丹鄉","zipcode":"945"},{"city":"屏東縣","town":"恆春鎮","zipcode":"946"},{"city":"屏東縣","town":"滿州鄉","zipcode":"947"},{"city":"臺東縣","town":"臺東市","zipcode":"950"},{"city":"臺東縣","town":"綠島鄉","zipcode":"951"},{"city":"臺東縣","town":"蘭嶼鄉","zipcode":"952"},{"city":"臺東縣","town":"延平鄉","zipcode":"953"},{"city":"臺東縣","town":"卑南鄉","zipcode":"954"},{"city":"臺東縣","town":"鹿野鄉","zipcode":"955"},{"city":"臺東縣","town":"關山鎮","zipcode":"956"},{"city":"臺東縣","town":"海端鄉","zipcode":"957"},{"city":"臺東縣","town":"池上鄉","zipcode":"958"},{"city":"臺東縣","town":"東河鄉","zipcode":"959"},{"city":"臺東縣","town":"成功鎮","zipcode":"961"},{"city":"臺東縣","town":"長濱鄉","zipcode":"962"},{"city":"臺東縣","town":"太麻里鄉","zipcode":"963"},{"city":"臺東縣","town":"金峰鄉","zipcode":"964"},{"city":"臺東縣","town":"大武鄉","zipcode":"965"},{"city":"臺東縣","town":"達仁鄉","zipcode":"966"},{"city":"花蓮縣","town":"花蓮市","zipcode":"970"},{"city":"花蓮縣","town":"新城鄉","zipcode":"971"},{"city":"花蓮縣","town":"秀林鄉","zipcode":"972"},{"city":"花蓮縣","town":"吉安鄉","zipcode":"973"},{"city":"花蓮縣","town":"壽豐鄉","zipcode":"974"},{"city":"花蓮縣","town":"鳳林鎮","zipcode":"975"},{"city":"花蓮縣","town":"光復鄉","zipcode":"976"},{"city":"花蓮縣","town":"豐濱鄉","zipcode":"977"},{"city":"花蓮縣","town":"瑞穗鄉","zipcode":"978"},{"city":"花蓮縣","town":"萬榮鄉","zipcode":"979"},{"city":"花蓮縣","town":"玉里鎮","zipcode":"981"},{"city":"花蓮縣","town":"卓溪鄉","zipcode":"982"},{"city":"花蓮縣","town":"富里鄉","zipcode":"983"},{"city":"澎湖縣","town":"馬公市","zipcode":"880"},{"city":"澎湖縣","town":"西嶼鄉","zipcode":"881"},{"city":"澎湖縣","town":"望安鄉","zipcode":"882"},{"city":"澎湖縣","town":"七美鄉","zipcode":"883"},{"city":"澎湖縣","town":"白沙鄉","zipcode":"884"},{"city":"澎湖縣","town":"湖西鄉","zipcode":"885"},{"city":"金門縣","town":"金沙鎮","zipcode":"890"},{"city":"金門縣","town":"金湖鎮","zipcode":"891"},{"city":"金門縣","town":"金寧鄉","zipcode":"892"},{"city":"金門縣","town":"金城鎮","zipcode":"893"},{"city":"金門縣","town":"烈嶼鄉","zipcode":"894"},{"city":"金門縣","town":"烏坵鄉","zipcode":"896"}]